REGIONE,PROVINCIA,QUESITO,Campo calcolato 1,SUM of NUM_REFERENDUM,SUM of ELETTORI,SUM of ELETTORI_M,SUM of ELETTORI_F,SUM of VOTANTI,SUM of VOTANTI_M,SUM of VOTANTI_F,SUM of VOTI_SI,SUM of VOTI_NO,SUM of SCHEDE_BIANCHE
,,,#DIV/0!,0,0.00,0.00,0.00,0.00,0.00,0.00,0.00,0.00,0.00
, Total,,#DIV/0!,0,0.00,0.00,0.00,0.00,0.00,0.00,0.00,0.00,0.00
 Total,,,#DIV/0!,0,0.00,0.00,0.00,0.00,0.00,0.00,0.00,0.00,0.00
ABRUZZO,CHIETI,REFERENDUM CONSULTIVO. Conferimento del mandato costituente al Parlamento Europeo,76.38%,1,"333,708.00","162,408.00","171,300.00","254,899.00","126,174.00","128,725.00","193,032.00","27,746.00","22,763.00"
,CHIETI Total,,76.38%,1,"333,708.00","162,408.00","171,300.00","254,899.00","126,174.00","128,725.00","193,032.00","27,746.00","22,763.00"
,L'AQUILA,REFERENDUM CONSULTIVO. Conferimento del mandato costituente al Parlamento Europeo,73.95%,1,"269,039.00","130,335.00","138,704.00","198,950.00","97,898.00","101,052.00","151,309.00","19,926.00","17,369.00"
,L'AQUILA Total,,73.95%,1,"269,039.00","130,335.00","138,704.00","198,950.00","97,898.00","101,052.00","151,309.00","19,926.00","17,369.00"
,PESCARA,REFERENDUM CONSULTIVO. Conferimento del mandato costituente al Parlamento Europeo,75.83%,1,"252,842.00","123,068.00","129,774.00","191,718.00","94,569.00","97,149.00","146,557.00","20,122.00","15,720.00"
,PESCARA Total,,75.83%,1,"252,842.00","123,068.00","129,774.00","191,718.00","94,569.00","97,149.00","146,557.00","20,122.00","15,720.00"
,TERAMO,REFERENDUM CONSULTIVO. Conferimento del mandato costituente al Parlamento Europeo,79.68%,1,"236,430.00","116,516.00","119,914.00","188,384.00","93,758.00","94,626.00","138,978.00","21,435.00","18,027.00"
,TERAMO Total,,79.68%,1,"236,430.00","116,516.00","119,914.00","188,384.00","93,758.00","94,626.00","138,978.00","21,435.00","18,027.00"
ABRUZZO Total,,,76.37%,4,"1,092,019.00","532,327.00","559,692.00","833,951.00","412,399.00","421,552.00","629,876.00","89,229.00","73,879.00"
BASILICATA,MATERA,REFERENDUM CONSULTIVO. Conferimento del mandato costituente al Parlamento Europeo,81.57%,1,"159,541.00","78,588.00","80,953.00","130,133.00","64,971.00","65,162.00","97,073.00","14,284.00","10,396.00"
,MATERA Total,,81.57%,1,"159,541.00","78,588.00","80,953.00","130,133.00","64,971.00","65,162.00","97,073.00","14,284.00","10,396.00"
,POTENZA,REFERENDUM CONSULTIVO. Conferimento del mandato costituente al Parlamento Europeo,75.30%,1,"334,517.00","164,502.00","170,015.00","251,876.00","125,798.00","126,078.00","176,059.00","31,382.00","29,059.00"
,POTENZA Total,,75.30%,1,"334,517.00","164,502.00","170,015.00","251,876.00","125,798.00","126,078.00","176,059.00","31,382.00","29,059.00"
BASILICATA Total,,,77.32%,2,"494,058.00","243,090.00","250,968.00","382,009.00","190,769.00","191,240.00","273,132.00","45,666.00","39,455.00"
CALABRIA,CATANZARO,REFERENDUM CONSULTIVO. Conferimento del mandato costituente al Parlamento Europeo,65.81%,1,"595,983.00","292,341.00","303,642.00","392,232.00","197,253.00","194,979.00","278,612.00","43,003.00","49,326.00"
,CATANZARO Total,,65.81%,1,"595,983.00","292,341.00","303,642.00","392,232.00","197,253.00","194,979.00","278,612.00","43,003.00","49,326.00"
,COSENZA,REFERENDUM CONSULTIVO. Conferimento del mandato costituente al Parlamento Europeo,69.70%,1,"597,108.00","293,551.00","303,557.00","416,196.00","208,570.00","207,626.00","286,312.00","45,207.00","37,508.00"
,COSENZA Total,,69.70%,1,"597,108.00","293,551.00","303,557.00","416,196.00","208,570.00","207,626.00","286,312.00","45,207.00","37,508.00"
,REGGIO CALABRIA,REFERENDUM CONSULTIVO. Conferimento del mandato costituente al Parlamento Europeo,62.97%,1,"493,748.00","240,280.00","253,468.00","310,891.00","157,942.00","152,949.00","213,971.00","34,262.00","39,044.00"
,REGGIO CALABRIA Total,,62.97%,1,"493,748.00","240,280.00","253,468.00","310,891.00","157,942.00","152,949.00","213,971.00","34,262.00","39,044.00"
CALABRIA Total,,,66.36%,3,"1,686,839.00","826,172.00","860,667.00","1,119,319.00","563,765.00","555,554.00","778,895.00","122,472.00","125,878.00"
CAMPANIA,AVELLINO,REFERENDUM CONSULTIVO. Conferimento del mandato costituente al Parlamento Europeo,69.77%,1,"376,530.00","185,081.00","191,449.00","262,694.00","130,983.00","131,711.00","190,272.00","32,065.00","30,714.00"
,AVELLINO Total,,69.77%,1,"376,530.00","185,081.00","191,449.00","262,694.00","130,983.00","131,711.00","190,272.00","32,065.00","30,714.00"
,BENEVENTO,REFERENDUM CONSULTIVO. Conferimento del mandato costituente al Parlamento Europeo,72.09%,1,"249,564.00","121,708.00","127,856.00","179,912.00","89,991.00","89,921.00","124,880.00","23,445.00","22,899.00"
,BENEVENTO Total,,72.09%,1,"249,564.00","121,708.00","127,856.00","179,912.00","89,991.00","89,921.00","124,880.00","23,445.00","22,899.00"
,CASERTA,REFERENDUM CONSULTIVO. Conferimento del mandato costituente al Parlamento Europeo,73.68%,1,"610,862.00","295,788.00","315,074.00","450,080.00","225,685.00","224,395.00","315,211.00","53,939.00","58,863.00"
,CASERTA Total,,73.68%,1,"610,862.00","295,788.00","315,074.00","450,080.00","225,685.00","224,395.00","315,211.00","53,939.00","58,863.00"
,NAPOLI,REFERENDUM CONSULTIVO. Conferimento del mandato costituente al Parlamento Europeo,68.84%,1,"2,253,177.00","1,088,835.00","1,164,342.00","1,551,103.00","789,592.00","761,511.00","1,191,359.00","169,168.00","141,479.00"
,NAPOLI Total,,68.84%,1,"2,253,177.00","1,088,835.00","1,164,342.00","1,551,103.00","789,592.00","761,511.00","1,191,359.00","169,168.00","141,479.00"
,SALERNO,REFERENDUM CONSULTIVO. Conferimento del mandato costituente al Parlamento Europeo,78.49%,1,"826,945.00","403,065.00","423,880.00","649,065.00","323,002.00","326,063.00","470,039.00","82,415.00","68,711.00"
,SALERNO Total,,78.49%,1,"826,945.00","403,065.00","423,880.00","649,065.00","323,002.00","326,063.00","470,039.00","82,415.00","68,711.00"
CAMPANIA Total,,,71.64%,5,"4,317,078.00","2,094,477.00","2,222,601.00","3,092,854.00","1,559,253.00","1,533,601.00","2,291,761.00","361,032.00","322,666.00"
EMILIA-ROMAGNA,BOLOGNA,REFERENDUM CONSULTIVO. Conferimento del mandato costituente al Parlamento Europeo,90.38%,1,"785,629.00","373,209.00","412,420.00","710,047.00","342,100.00","367,947.00","597,871.00","54,971.00","43,034.00"
,BOLOGNA Total,,90.38%,1,"785,629.00","373,209.00","412,420.00","710,047.00","342,100.00","367,947.00","597,871.00","54,971.00","43,034.00"
,FERRARA,REFERENDUM CONSULTIVO. Conferimento del mandato costituente al Parlamento Europeo,92.96%,1,"310,149.00","146,765.00","163,384.00","288,300.00","137,652.00","150,648.00","238,394.00","23,397.00","20,538.00"
,FERRARA Total,,92.96%,1,"310,149.00","146,765.00","163,384.00","288,300.00","137,652.00","150,648.00","238,394.00","23,397.00","20,538.00"
,FORLI' ,REFERENDUM CONSULTIVO. Conferimento del mandato costituente al Parlamento Europeo,90.60%,1,"499,020.00","240,550.00","258,470.00","452,123.00","220,973.00","231,150.00","367,431.00","40,098.00","30,543.00"
,FORLI'  Total,,90.60%,1,"499,020.00","240,550.00","258,470.00","452,123.00","220,973.00","231,150.00","367,431.00","40,098.00","30,543.00"
,MODENA,REFERENDUM CONSULTIVO. Conferimento del mandato costituente al Parlamento Europeo,90.40%,1,"502,216.00","242,040.00","260,176.00","453,990.00","220,802.00","233,188.00","379,834.00","35,512.00","32,007.00"
,MODENA Total,,90.40%,1,"502,216.00","242,040.00","260,176.00","453,990.00","220,802.00","233,188.00","379,834.00","35,512.00","32,007.00"
,PARMA,REFERENDUM CONSULTIVO. Conferimento del mandato costituente al Parlamento Europeo,86.41%,1,"341,963.00","163,441.00","178,522.00","295,495.00","143,622.00","151,873.00","231,425.00","33,754.00","22,181.00"
,PARMA Total,,86.41%,1,"341,963.00","163,441.00","178,522.00","295,495.00","143,622.00","151,873.00","231,425.00","33,754.00","22,181.00"
,PIACENZA,REFERENDUM CONSULTIVO. Conferimento del mandato costituente al Parlamento Europeo,89.44%,1,"235,382.00","113,178.00","122,204.00","210,531.00","102,350.00","108,181.00","157,589.00","23,955.00","21,041.00"
,PIACENZA Total,,89.44%,1,"235,382.00","113,178.00","122,204.00","210,531.00","102,350.00","108,181.00","157,589.00","23,955.00","21,041.00"
,RAVENNA,REFERENDUM CONSULTIVO. Conferimento del mandato costituente al Parlamento Europeo,91.80%,1,"299,474.00","143,794.00","155,680.00","274,907.00","133,164.00","141,743.00","219,377.00","28,954.00","19,728.00"
,RAVENNA Total,,91.80%,1,"299,474.00","143,794.00","155,680.00","274,907.00","133,164.00","141,743.00","219,377.00","28,954.00","19,728.00"
,REGGIO EMILIA,REFERENDUM CONSULTIVO. Conferimento del mandato costituente al Parlamento Europeo,90.70%,1,"346,604.00","166,462.00","180,142.00","314,359.00","152,718.00","161,641.00","265,852.00","23,173.00","19,990.00"
,REGGIO EMILIA Total,,90.70%,1,"346,604.00","166,462.00","180,142.00","314,359.00","152,718.00","161,641.00","265,852.00","23,173.00","19,990.00"
EMILIA-ROMAGNA Total,,,90.34%,8,"3,320,437.00","1,589,439.00","1,730,998.00","2,999,752.00","1,453,381.00","1,546,371.00","2,457,773.00","263,814.00","209,062.00"
FRIULI-VENEZIA GIULIA,GORIZIA,REFERENDUM CONSULTIVO. Conferimento del mandato costituente al Parlamento Europeo,90.47%,1,"119,613.00","56,328.00","63,285.00","108,208.00","51,894.00","56,314.00","90,160.00","10,287.00","5,073.00"
,GORIZIA Total,,90.47%,1,"119,613.00","56,328.00","63,285.00","108,208.00","51,894.00","56,314.00","90,160.00","10,287.00","5,073.00"
,PORDENONE,REFERENDUM CONSULTIVO. Conferimento del mandato costituente al Parlamento Europeo,82.77%,1,"240,138.00","116,946.00","123,192.00","198,768.00","98,855.00","99,913.00","162,221.00","19,498.00","10,606.00"
,PORDENONE Total,,82.77%,1,"240,138.00","116,946.00","123,192.00","198,768.00","98,855.00","99,913.00","162,221.00","19,498.00","10,606.00"
,TRIESTE,REFERENDUM CONSULTIVO. Conferimento del mandato costituente al Parlamento Europeo,79.26%,1,"234,877.00","108,112.00","126,765.00","186,169.00","88,068.00","98,101.00","156,895.00","17,250.00","7,416.00"
,TRIESTE Total,,79.26%,1,"234,877.00","108,112.00","126,765.00","186,169.00","88,068.00","98,101.00","156,895.00","17,250.00","7,416.00"
,UDINE,REFERENDUM CONSULTIVO. Conferimento del mandato costituente al Parlamento Europeo,82.75%,1,"461,343.00","224,461.00","236,882.00","381,754.00","188,652.00","193,102.00","314,196.00","37,127.00","19,830.00"
,UDINE Total,,82.75%,1,"461,343.00","224,461.00","236,882.00","381,754.00","188,652.00","193,102.00","314,196.00","37,127.00","19,830.00"
FRIULI-VENEZIA GIULIA Total,,,82.85%,4,"1,055,971.00","505,847.00","550,124.00","874,899.00","427,469.00","447,430.00","723,472.00","84,162.00","42,925.00"
LAZIO,FROSINONE,REFERENDUM CONSULTIVO. Conferimento del mandato costituente al Parlamento Europeo,79.61%,1,"405,389.00","198,730.00","206,659.00","322,748.00","160,193.00","162,555.00","230,426.00","39,284.00","34,487.00"
,FROSINONE Total,,79.61%,1,"405,389.00","198,730.00","206,659.00","322,748.00","160,193.00","162,555.00","230,426.00","39,284.00","34,487.00"
,LATINA,REFERENDUM CONSULTIVO. Conferimento del mandato costituente al Parlamento Europeo,81.52%,1,"376,638.00","184,940.00","191,698.00","307,048.00","152,532.00","154,516.00","235,763.00","34,566.00","23,934.00"
,LATINA Total,,81.52%,1,"376,638.00","184,940.00","191,698.00","307,048.00","152,532.00","154,516.00","235,763.00","34,566.00","23,934.00"
,RIETI,REFERENDUM CONSULTIVO. Conferimento del mandato costituente al Parlamento Europeo,85.86%,1,"118,993.00","57,742.00","61,251.00","102,171.00","50,705.00","51,466.00","74,882.00","12,987.00","9,008.00"
,RIETI Total,,85.86%,1,"118,993.00","57,742.00","61,251.00","102,171.00","50,705.00","51,466.00","74,882.00","12,987.00","9,008.00"
,ROMA,REFERENDUM CONSULTIVO. Conferimento del mandato costituente al Parlamento Europeo,80.69%,1,"3,085,219.00","1,476,286.00","1,608,933.00","2,489,346.00","1,222,433.00","1,266,913.00","2,030,046.00","262,158.00","120,095.00"
,ROMA Total,,80.69%,1,"3,085,219.00","1,476,286.00","1,608,933.00","2,489,346.00","1,222,433.00","1,266,913.00","2,030,046.00","262,158.00","120,095.00"
,VITERBO,REFERENDUM CONSULTIVO. Conferimento del mandato costituente al Parlamento Europeo,90.27%,1,"222,575.00","107,865.00","114,710.00","200,910.00","100,544.00","100,366.00","150,827.00","22,595.00","18,087.00"
,VITERBO Total,,90.27%,1,"222,575.00","107,865.00","114,710.00","200,910.00","100,544.00","100,366.00","150,827.00","22,595.00","18,087.00"
LAZIO Total,,,81.31%,5,"4,208,814.00","2,025,563.00","2,183,251.00","3,422,223.00","1,686,407.00","1,735,816.00","2,721,944.00","371,590.00","205,611.00"
LIGURIA,GENOVA,REFERENDUM CONSULTIVO. Conferimento del mandato costituente al Parlamento Europeo,82.15%,1,"821,007.00","384,588.00","436,419.00","674,463.00","302,116.00","372,347.00","518,340.00","62,814.00","43,349.00"
,GENOVA Total,,82.15%,1,"821,007.00","384,588.00","436,419.00","674,463.00","302,116.00","372,347.00","518,340.00","62,814.00","43,349.00"
,IMPERIA,REFERENDUM CONSULTIVO. Conferimento del mandato costituente al Parlamento Europeo,77.73%,1,"190,616.00","89,938.00","100,678.00","148,171.00","71,507.00","76,664.00","115,348.00","15,219.00","10,995.00"
,IMPERIA Total,,77.73%,1,"190,616.00","89,938.00","100,678.00","148,171.00","71,507.00","76,664.00","115,348.00","15,219.00","10,995.00"
,LA SPEZIA,REFERENDUM CONSULTIVO. Conferimento del mandato costituente al Parlamento Europeo,82.97%,1,"203,432.00","97,591.00","105,841.00","168,790.00","82,946.00","85,844.00","138,520.00","14,069.00","10,729.00"
,LA SPEZIA Total,,82.97%,1,"203,432.00","97,591.00","105,841.00","168,790.00","82,946.00","85,844.00","138,520.00","14,069.00","10,729.00"
,SAVONA,REFERENDUM CONSULTIVO. Conferimento del mandato costituente al Parlamento Europeo,82.28%,1,"252,482.00","119,997.00","132,485.00","207,733.00","101,134.00","106,599.00","159,488.00","21,078.00","17,471.00"
,SAVONA Total,,82.28%,1,"252,482.00","119,997.00","132,485.00","207,733.00","101,134.00","106,599.00","159,488.00","21,078.00","17,471.00"
LIGURIA Total,,,81.71%,4,"1,467,537.00","692,114.00","775,423.00","1,199,157.00","557,703.00","641,454.00","931,696.00","113,180.00","82,544.00"
LOMBARDIA,BERGAMO,REFERENDUM CONSULTIVO. Conferimento del mandato costituente al Parlamento Europeo,89.08%,1,"735,112.00","355,745.00","379,367.00","654,870.00","318,640.00","336,230.00","515,803.00","77,340.00","47,777.00"
,BERGAMO Total,,89.08%,1,"735,112.00","355,745.00","379,367.00","654,870.00","318,640.00","336,230.00","515,803.00","77,340.00","47,777.00"
,BRESCIA,REFERENDUM CONSULTIVO. Conferimento del mandato costituente al Parlamento Europeo,88.53%,1,"830,557.00","398,861.00","431,696.00","735,258.00","356,645.00","378,613.00","571,345.00","85,002.00","62,953.00"
,BRESCIA Total,,88.53%,1,"830,557.00","398,861.00","431,696.00","735,258.00","356,645.00","378,613.00","571,345.00","85,002.00","62,953.00"
,COMO,REFERENDUM CONSULTIVO. Conferimento del mandato costituente al Parlamento Europeo,85.76%,1,"638,075.00","304,190.00","333,885.00","547,187.00","264,250.00","282,937.00","424,186.00","63,517.00","41,917.00"
,COMO Total,,85.76%,1,"638,075.00","304,190.00","333,885.00","547,187.00","264,250.00","282,937.00","424,186.00","63,517.00","41,917.00"
,CREMONA,REFERENDUM CONSULTIVO. Conferimento del mandato costituente al Parlamento Europeo,89.43%,1,"272,196.00","129,222.00","142,974.00","243,426.00","117,159.00","126,267.00","187,096.00","26,982.00","23,265.00"
,CREMONA Total,,89.43%,1,"272,196.00","129,222.00","142,974.00","243,426.00","117,159.00","126,267.00","187,096.00","26,982.00","23,265.00"
,MANTOVA,REFERENDUM CONSULTIVO. Conferimento del mandato costituente al Parlamento Europeo,88.98%,1,"307,243.00","145,743.00","161,500.00","273,378.00","132,020.00","141,358.00","214,604.00","28,820.00","24,564.00"
,MANTOVA Total,,88.98%,1,"307,243.00","145,743.00","161,500.00","273,378.00","132,020.00","141,358.00","214,604.00","28,820.00","24,564.00"
,MILANO,REFERENDUM CONSULTIVO. Conferimento del mandato costituente al Parlamento Europeo,82.81%,1,"3,251,816.00","1,546,299.00","1,705,517.00","2,692,835.00","1,301,564.00","1,391,271.00","2,185,765.00","276,353.00","156,460.00"
,MILANO Total,,82.81%,1,"3,251,816.00","1,546,299.00","1,705,517.00","2,692,835.00","1,301,564.00","1,391,271.00","2,185,765.00","276,353.00","156,460.00"
,PAVIA,REFERENDUM CONSULTIVO. Conferimento del mandato costituente al Parlamento Europeo,87.48%,1,"420,591.00","198,413.00","222,178.00","367,947.00","177,603.00","190,344.00","269,359.00","43,442.00","40,532.00"
,PAVIA Total,,87.48%,1,"420,591.00","198,413.00","222,178.00","367,947.00","177,603.00","190,344.00","269,359.00","43,442.00","40,532.00"
,SONDRIO,REFERENDUM CONSULTIVO. Conferimento del mandato costituente al Parlamento Europeo,79.69%,1,"143,467.00","70,339.00","73,128.00","114,336.00","57,333.00","57,003.00","87,200.00","12,029.00","10,432.00"
,SONDRIO Total,,79.69%,1,"143,467.00","70,339.00","73,128.00","114,336.00","57,333.00","57,003.00","87,200.00","12,029.00","10,432.00"
,VARESE,REFERENDUM CONSULTIVO. Conferimento del mandato costituente al Parlamento Europeo,85.34%,1,"642,583.00","305,228.00","337,355.00","548,404.00","271,203.00","277,201.00","427,126.00","67,718.00","37,476.00"
,VARESE Total,,85.34%,1,"642,583.00","305,228.00","337,355.00","548,404.00","271,203.00","277,201.00","427,126.00","67,718.00","37,476.00"
LOMBARDIA Total,,,85.31%,9,"7,241,640.00","3,454,040.00","3,787,600.00","6,177,641.00","2,996,417.00","3,181,224.00","4,882,484.00","681,203.00","445,376.00"
MARCHE,ANCONA,REFERENDUM CONSULTIVO. Conferimento del mandato costituente al Parlamento Europeo,86.62%,1,"364,205.00","173,812.00","190,393.00","315,461.00","153,695.00","161,766.00","247,649.00","30,004.00","26,498.00"
,ANCONA Total,,86.62%,1,"364,205.00","173,812.00","190,393.00","315,461.00","153,695.00","161,766.00","247,649.00","30,004.00","26,498.00"
,ASCOLI PICENO,REFERENDUM CONSULTIVO. Conferimento del mandato costituente al Parlamento Europeo,84.56%,1,"299,056.00","145,244.00","153,812.00","252,892.00","124,954.00","127,938.00","184,188.00","27,956.00","27,284.00"
,ASCOLI PICENO Total,,84.56%,1,"299,056.00","145,244.00","153,812.00","252,892.00","124,954.00","127,938.00","184,188.00","27,956.00","27,284.00"
,MACERATA,REFERENDUM CONSULTIVO. Conferimento del mandato costituente al Parlamento Europeo,85.70%,1,"244,712.00","118,121.00","126,591.00","209,709.00","103,528.00","106,181.00","152,461.00","23,199.00","23,503.00"
,MACERATA Total,,85.70%,1,"244,712.00","118,121.00","126,591.00","209,709.00","103,528.00","106,181.00","152,461.00","23,199.00","23,503.00"
,PESARO E URBINO,REFERENDUM CONSULTIVO. Conferimento del mandato costituente al Parlamento Europeo,86.39%,1,"286,422.00","139,948.00","146,474.00","247,451.00","122,565.00","124,886.00","196,593.00","22,697.00","19,729.00"
,PESARO E URBINO Total,,86.39%,1,"286,422.00","139,948.00","146,474.00","247,451.00","122,565.00","124,886.00","196,593.00","22,697.00","19,729.00"
MARCHE Total,,,85.86%,4,"1,194,395.00","577,125.00","617,270.00","1,025,513.00","504,742.00","520,771.00","780,891.00","103,856.00","97,014.00"
MOLISE,CAMPOBASSO,REFERENDUM CONSULTIVO. Conferimento del mandato costituente al Parlamento Europeo,69.09%,1,"217,087.00","106,330.00","110,757.00","149,993.00","74,517.00","75,476.00","110,710.00","17,492.00","15,263.00"
,CAMPOBASSO Total,,69.09%,1,"217,087.00","106,330.00","110,757.00","149,993.00","74,517.00","75,476.00","110,710.00","17,492.00","15,263.00"
,ISERNIA,REFERENDUM CONSULTIVO. Conferimento del mandato costituente al Parlamento Europeo,64.31%,1,"87,000.00","42,377.00","44,623.00","55,946.00","27,920.00","28,026.00","40,024.00","6,702.00","6,658.00"
,ISERNIA Total,,64.31%,1,"87,000.00","42,377.00","44,623.00","55,946.00","27,920.00","28,026.00","40,024.00","6,702.00","6,658.00"
MOLISE Total,,,67.72%,2,"304,087.00","148,707.00","155,380.00","205,939.00","102,437.00","103,502.00","150,734.00","24,194.00","21,921.00"
PIEMONTE,ALESSANDRIA,REFERENDUM CONSULTIVO. Conferimento del mandato costituente al Parlamento Europeo,84.10%,1,"382,966.00","181,242.00","201,724.00","322,074.00","157,626.00","164,448.00","244,636.00","33,809.00","29,305.00"
,ALESSANDRIA Total,,84.10%,1,"382,966.00","181,242.00","201,724.00","322,074.00","157,626.00","164,448.00","244,636.00","33,809.00","29,305.00"
,ASTI,REFERENDUM CONSULTIVO. Conferimento del mandato costituente al Parlamento Europeo,81.35%,1,"176,637.00","84,648.00","91,989.00","143,703.00","71,026.00","72,677.00","102,769.00","16,902.00","15,761.00"
,ASTI Total,,81.35%,1,"176,637.00","84,648.00","91,989.00","143,703.00","71,026.00","72,677.00","102,769.00","16,902.00","15,761.00"
,CUNEO,REFERENDUM CONSULTIVO. Conferimento del mandato costituente al Parlamento Europeo,83.46%,1,"449,193.00","218,862.00","230,331.00","374,912.00","188,113.00","186,799.00","267,421.00","43,918.00","42,389.00"
,CUNEO Total,,83.46%,1,"449,193.00","218,862.00","230,331.00","374,912.00","188,113.00","186,799.00","267,421.00","43,918.00","42,389.00"
,NOVARA,REFERENDUM CONSULTIVO. Conferimento del mandato costituente al Parlamento Europeo,81.89%,1,"415,975.00","197,731.00","218,244.00","340,651.00","165,942.00","174,709.00","264,769.00","34,474.00","27,745.00"
,NOVARA Total,,81.89%,1,"415,975.00","197,731.00","218,244.00","340,651.00","165,942.00","174,709.00","264,769.00","34,474.00","27,745.00"
,TORINO,REFERENDUM CONSULTIVO. Conferimento del mandato costituente al Parlamento Europeo,80.51%,1,"1,872,593.00","899,692.00","972,901.00","1,507,605.00","741,178.00","766,427.00","1,165,404.00","188,766.00","93,395.00"
,TORINO Total,,80.51%,1,"1,872,593.00","899,692.00","972,901.00","1,507,605.00","741,178.00","766,427.00","1,165,404.00","188,766.00","93,395.00"
,VERCELLI,REFERENDUM CONSULTIVO. Conferimento del mandato costituente al Parlamento Europeo,84.84%,1,"321,617.00","151,250.00","170,367.00","272,872.00","131,299.00","141,573.00","208,295.00","27,714.00","25,496.00"
,VERCELLI Total,,84.84%,1,"321,617.00","151,250.00","170,367.00","272,872.00","131,299.00","141,573.00","208,295.00","27,714.00","25,496.00"
PIEMONTE Total,,,81.84%,6,"3,618,981.00","1,733,425.00","1,885,556.00","2,961,817.00","1,455,184.00","1,506,633.00","2,253,294.00","345,583.00","234,091.00"
PUGLIA,BARI,REFERENDUM CONSULTIVO. Conferimento del mandato costituente al Parlamento Europeo,74.37%,1,"1,172,142.00","568,205.00","603,937.00","871,695.00","437,487.00","434,208.00","666,400.00","94,758.00","67,255.00"
,BARI Total,,74.37%,1,"1,172,142.00","568,205.00","603,937.00","871,695.00","437,487.00","434,208.00","666,400.00","94,758.00","67,255.00"
,BRINDISI,REFERENDUM CONSULTIVO. Conferimento del mandato costituente al Parlamento Europeo,78.55%,1,"314,623.00","150,992.00","163,631.00","247,133.00","119,895.00","127,238.00","181,597.00","28,039.00","24,007.00"
,BRINDISI Total,,78.55%,1,"314,623.00","150,992.00","163,631.00","247,133.00","119,895.00","127,238.00","181,597.00","28,039.00","24,007.00"
,FOGGIA,REFERENDUM CONSULTIVO. Conferimento del mandato costituente al Parlamento Europeo,75.02%,1,"537,660.00","262,291.00","275,369.00","403,376.00","200,504.00","202,872.00","307,434.00","41,639.00","33,259.00"
,FOGGIA Total,,75.02%,1,"537,660.00","262,291.00","275,369.00","403,376.00","200,504.00","202,872.00","307,434.00","41,639.00","33,259.00"
,LECCE,REFERENDUM CONSULTIVO. Conferimento del mandato costituente al Parlamento Europeo,74.41%,1,"637,013.00","304,352.00","332,661.00","474,005.00","225,706.00","248,299.00","345,170.00","49,078.00","54,966.00"
,LECCE Total,,74.41%,1,"637,013.00","304,352.00","332,661.00","474,005.00","225,706.00","248,299.00","345,170.00","49,078.00","54,966.00"
,TARANTO,REFERENDUM CONSULTIVO. Conferimento del mandato costituente al Parlamento Europeo,78.72%,1,"447,521.00","217,825.00","229,696.00","352,287.00","177,646.00","174,641.00","271,956.00","34,910.00","27,940.00"
,TARANTO Total,,78.72%,1,"447,521.00","217,825.00","229,696.00","352,287.00","177,646.00","174,641.00","271,956.00","34,910.00","27,940.00"
PUGLIA Total,,,75.54%,5,"3,108,959.00","1,503,665.00","1,605,294.00","2,348,496.00","1,161,238.00","1,187,258.00","1,772,557.00","248,424.00","207,427.00"
SARDEGNA,CAGLIARI,REFERENDUM CONSULTIVO. Conferimento del mandato costituente al Parlamento Europeo,76.44%,1,"584,921.00","287,840.00","297,081.00","447,128.00","224,090.00","223,038.00","367,080.00","45,161.00","21,483.00"
,CAGLIARI Total,,76.44%,1,"584,921.00","287,840.00","297,081.00","447,128.00","224,090.00","223,038.00","367,080.00","45,161.00","21,483.00"
,NUORO,REFERENDUM CONSULTIVO. Conferimento del mandato costituente al Parlamento Europeo,73.14%,1,"218,220.00","108,462.00","109,758.00","159,617.00","79,160.00","80,457.00","129,849.00","15,547.00","8,226.00"
,NUORO Total,,73.14%,1,"218,220.00","108,462.00","109,758.00","159,617.00","79,160.00","80,457.00","129,849.00","15,547.00","8,226.00"
,ORISTANO,REFERENDUM CONSULTIVO. Conferimento del mandato costituente al Parlamento Europeo,77.68%,1,"125,228.00","62,185.00","63,043.00","97,274.00","48,672.00","48,602.00","76,093.00","11,394.00","5,809.00"
,ORISTANO Total,,77.68%,1,"125,228.00","62,185.00","63,043.00","97,274.00","48,672.00","48,602.00","76,093.00","11,394.00","5,809.00"
,SASSARI,REFERENDUM CONSULTIVO. Conferimento del mandato costituente al Parlamento Europeo,73.49%,1,"354,255.00","174,421.00","179,834.00","260,332.00","131,179.00","129,153.00","214,469.00","25,537.00","11,407.00"
,SASSARI Total,,73.49%,1,"354,255.00","174,421.00","179,834.00","260,332.00","131,179.00","129,153.00","214,469.00","25,537.00","11,407.00"
SARDEGNA Total,,,75.19%,4,"1,282,624.00","632,908.00","649,716.00","964,351.00","483,101.00","481,250.00","787,491.00","97,639.00","46,925.00"
SICILIA,AGRIGENTO,REFERENDUM CONSULTIVO. Conferimento del mandato costituente al Parlamento Europeo,61.39%,1,"422,021.00","208,305.00","213,716.00","259,066.00","130,274.00","128,792.00","186,926.00","25,106.00","25,815.00"
,AGRIGENTO Total,,61.39%,1,"422,021.00","208,305.00","213,716.00","259,066.00","130,274.00","128,792.00","186,926.00","25,106.00","25,815.00"
,CALTANISSETTA,REFERENDUM CONSULTIVO. Conferimento del mandato costituente al Parlamento Europeo,64.82%,1,"253,628.00","123,896.00","129,732.00","164,404.00","81,102.00","83,302.00","116,753.00","17,221.00","28,834.00"
,CALTANISSETTA Total,,64.82%,1,"253,628.00","123,896.00","129,732.00","164,404.00","81,102.00","83,302.00","116,753.00","17,221.00","28,834.00"
,CATANIA,REFERENDUM CONSULTIVO. Conferimento del mandato costituente al Parlamento Europeo,72.83%,1,"825,470.00","399,371.00","426,099.00","601,200.00","300,873.00","300,327.00","439,827.00","63,831.00","50,152.00"
,CATANIA Total,,72.83%,1,"825,470.00","399,371.00","426,099.00","601,200.00","300,873.00","300,327.00","439,827.00","63,831.00","50,152.00"
,ENNA,REFERENDUM CONSULTIVO. Conferimento del mandato costituente al Parlamento Europeo,63.32%,1,"177,528.00","87,197.00","90,331.00","112,412.00","55,480.00","56,932.00","79,658.00","11,660.00","10,973.00"
,ENNA Total,,63.32%,1,"177,528.00","87,197.00","90,331.00","112,412.00","55,480.00","56,932.00","79,658.00","11,660.00","10,973.00"
,MESSINA,REFERENDUM CONSULTIVO. Conferimento del mandato costituente al Parlamento Europeo,74.08%,1,"543,980.00","259,625.00","284,355.00","402,991.00","199,021.00","203,970.00","280,834.00","43,921.00","48,026.00"
,MESSINA Total,,74.08%,1,"543,980.00","259,625.00","284,355.00","402,991.00","199,021.00","203,970.00","280,834.00","43,921.00","48,026.00"
,PALERMO,REFERENDUM CONSULTIVO. Conferimento del mandato costituente al Parlamento Europeo,66.92%,1,"989,792.00","476,783.00","513,009.00","662,364.00","335,424.00","326,940.00","477,436.00","76,629.00","57,550.00"
,PALERMO Total,,66.92%,1,"989,792.00","476,783.00","513,009.00","662,364.00","335,424.00","326,940.00","477,436.00","76,629.00","57,550.00"
,RAGUSA,REFERENDUM CONSULTIVO. Conferimento del mandato costituente al Parlamento Europeo,80.92%,1,"224,513.00","108,709.00","115,804.00","181,676.00","89,227.00","92,449.00","132,295.00","18,418.00","17,049.00"
,RAGUSA Total,,80.92%,1,"224,513.00","108,709.00","115,804.00","181,676.00","89,227.00","92,449.00","132,295.00","18,418.00","17,049.00"
,SIRACUSA,REFERENDUM CONSULTIVO. Conferimento del mandato costituente al Parlamento Europeo,70.89%,1,"323,084.00","159,044.00","164,040.00","229,035.00","115,762.00","113,273.00","174,577.00","23,455.00","16,883.00"
,SIRACUSA Total,,70.89%,1,"323,084.00","159,044.00","164,040.00","229,035.00","115,762.00","113,273.00","174,577.00","23,455.00","16,883.00"
,TRAPANI,REFERENDUM CONSULTIVO. Conferimento del mandato costituente al Parlamento Europeo,73.49%,1,"349,176.00","167,969.00","181,207.00","256,596.00","128,278.00","128,318.00","177,321.00","28,659.00","27,610.00"
,TRAPANI Total,,73.49%,1,"349,176.00","167,969.00","181,207.00","256,596.00","128,278.00","128,318.00","177,321.00","28,659.00","27,610.00"
SICILIA Total,,,69.84%,9,"4,109,192.00","1,990,899.00","2,118,293.00","2,869,744.00","1,435,441.00","1,434,303.00","2,065,627.00","308,900.00","282,892.00"
TOSCANA,AREZZO,REFERENDUM CONSULTIVO. Conferimento del mandato costituente al Parlamento Europeo,88.31%,1,"259,582.00","125,659.00","133,923.00","229,224.00","113,604.00","115,620.00","175,764.00","24,481.00","22,693.00"
,AREZZO Total,,88.31%,1,"259,582.00","125,659.00","133,923.00","229,224.00","113,604.00","115,620.00","175,764.00","24,481.00","22,693.00"
,FIRENZE,REFERENDUM CONSULTIVO. Conferimento del mandato costituente al Parlamento Europeo,84.50%,1,"991,803.00","473,303.00","518,500.00","838,102.00","408,485.00","429,617.00","672,388.00","79,241.00","62,254.00"
,FIRENZE Total,,84.50%,1,"991,803.00","473,303.00","518,500.00","838,102.00","408,485.00","429,617.00","672,388.00","79,241.00","62,254.00"
,GROSSETO,REFERENDUM CONSULTIVO. Conferimento del mandato costituente al Parlamento Europeo,86.71%,1,"184,771.00","89,084.00","95,687.00","160,216.00","78,640.00","81,576.00","128,028.00","15,660.00","11,743.00"
,GROSSETO Total,,86.71%,1,"184,771.00","89,084.00","95,687.00","160,216.00","78,640.00","81,576.00","128,028.00","15,660.00","11,743.00"
,LIVORNO,REFERENDUM CONSULTIVO. Conferimento del mandato costituente al Parlamento Europeo,85.82%,1,"285,710.00","136,782.00","148,928.00","245,194.00","120,203.00","124,991.00","203,179.00","21,123.00","15,371.00"
,LIVORNO Total,,85.82%,1,"285,710.00","136,782.00","148,928.00","245,194.00","120,203.00","124,991.00","203,179.00","21,123.00","15,371.00"
,LUCCA,REFERENDUM CONSULTIVO. Conferimento del mandato costituente al Parlamento Europeo,82.99%,1,"321,370.00","152,211.00","169,159.00","266,701.00","129,031.00","137,670.00","205,357.00","26,134.00","22,829.00"
,LUCCA Total,,82.99%,1,"321,370.00","152,211.00","169,159.00","266,701.00","129,031.00","137,670.00","205,357.00","26,134.00","22,829.00"
,MASSA-CARRARA,REFERENDUM CONSULTIVO. Conferimento del mandato costituente al Parlamento Europeo,80.69%,1,"173,007.00","82,701.00","90,306.00","139,598.00","67,631.00","71,967.00","109,884.00","11,720.00","10,477.00"
,MASSA-CARRARA Total,,80.69%,1,"173,007.00","82,701.00","90,306.00","139,598.00","67,631.00","71,967.00","109,884.00","11,720.00","10,477.00"
,PISA,REFERENDUM CONSULTIVO. Conferimento del mandato costituente al Parlamento Europeo,88.38%,1,"317,046.00","150,945.00","166,101.00","280,203.00","137,078.00","143,125.00","220,698.00","26,970.00","24,686.00"
,PISA Total,,88.38%,1,"317,046.00","150,945.00","166,101.00","280,203.00","137,078.00","143,125.00","220,698.00","26,970.00","24,686.00"
,PISTOIA,REFERENDUM CONSULTIVO. Conferimento del mandato costituente al Parlamento Europeo,85.85%,1,"222,052.00","105,790.00","116,262.00","190,638.00","92,804.00","97,834.00","147,601.00","18,005.00","17,845.00"
,PISTOIA Total,,85.85%,1,"222,052.00","105,790.00","116,262.00","190,638.00","92,804.00","97,834.00","147,601.00","18,005.00","17,845.00"
,SIENA,REFERENDUM CONSULTIVO. Conferimento del mandato costituente al Parlamento Europeo,89.06%,1,"214,025.00","102,832.00","111,193.00","190,600.00","93,572.00","97,028.00","150,362.00","19,570.00","16,487.00"
,SIENA Total,,89.06%,1,"214,025.00","102,832.00","111,193.00","190,600.00","93,572.00","97,028.00","150,362.00","19,570.00","16,487.00"
TOSCANA Total,,,85.56%,9,"2,969,366.00","1,419,307.00","1,550,059.00","2,540,476.00","1,241,048.00","1,299,428.00","2,013,261.00","242,904.00","204,385.00"
TRENTINO-ALTO ADIGE,BOLZANO,REFERENDUM CONSULTIVO. Conferimento del mandato costituente al Parlamento Europeo,85.79%,1,"346,969.00","171,124.00","175,845.00","297,649.00","147,428.00","150,221.00","235,219.00","22,428.00","36,205.00"
,BOLZANO Total,,85.79%,1,"346,969.00","171,124.00","175,845.00","297,649.00","147,428.00","150,221.00","235,219.00","22,428.00","36,205.00"
,TRENTO,REFERENDUM CONSULTIVO. Conferimento del mandato costituente al Parlamento Europeo,81.66%,1,"365,106.00","175,596.00","189,510.00","298,143.00","146,248.00","151,895.00","234,279.00","29,482.00","25,358.00"
,TRENTO Total,,81.66%,1,"365,106.00","175,596.00","189,510.00","298,143.00","146,248.00","151,895.00","234,279.00","29,482.00","25,358.00"
TRENTINO-ALTO ADIGE Total,,,83.67%,2,"712,075.00","346,720.00","365,355.00","595,792.00","293,676.00","302,116.00","469,498.00","51,910.00","61,563.00"
UMBRIA,PERUGIA,REFERENDUM CONSULTIVO. Conferimento del mandato costituente al Parlamento Europeo,86.86%,1,"491,017.00","236,783.00","254,234.00","426,493.00","210,528.00","215,965.00","328,535.00","46,182.00","35,061.00"
,PERUGIA Total,,86.86%,1,"491,017.00","236,783.00","254,234.00","426,493.00","210,528.00","215,965.00","328,535.00","46,182.00","35,061.00"
,TERNI,REFERENDUM CONSULTIVO. Conferimento del mandato costituente al Parlamento Europeo,88.24%,1,"188,320.00","90,607.00","97,713.00","166,177.00","82,093.00","84,084.00","128,896.00","17,575.00","12,966.00"
,TERNI Total,,88.24%,1,"188,320.00","90,607.00","97,713.00","166,177.00","82,093.00","84,084.00","128,896.00","17,575.00","12,966.00"
UMBRIA Total,,,87.24%,2,"679,337.00","327,390.00","351,947.00","592,670.00","292,621.00","300,049.00","457,431.00","63,757.00","48,027.00"
VALLE D'AOSTA,AOSTA,REFERENDUM CONSULTIVO. Conferimento del mandato costituente al Parlamento Europeo,78.13%,1,"96,177.00","47,738.00","48,439.00","75,145.00","38,216.00","36,929.00","55,780.00","7,739.00","8,799.00"
,AOSTA Total,,78.13%,1,"96,177.00","47,738.00","48,439.00","75,145.00","38,216.00","36,929.00","55,780.00","7,739.00","8,799.00"
VALLE D'AOSTA Total,,,78.13%,1,"96,177.00","47,738.00","48,439.00","75,145.00","38,216.00","36,929.00","55,780.00","7,739.00","8,799.00"
VENETO,BELLUNO,REFERENDUM CONSULTIVO. Conferimento del mandato costituente al Parlamento Europeo,72.68%,1,"189,950.00","90,481.00","99,469.00","138,049.00","67,279.00","70,770.00","113,777.00","13,288.00","7,672.00"
,BELLUNO Total,,72.68%,1,"189,950.00","90,481.00","99,469.00","138,049.00","67,279.00","70,770.00","113,777.00","13,288.00","7,672.00"
,PADOVA,REFERENDUM CONSULTIVO. Conferimento del mandato costituente al Parlamento Europeo,89.06%,1,"668,005.00","321,185.00","346,820.00","594,914.00","289,200.00","305,714.00","478,473.00","60,982.00","39,463.00"
,PADOVA Total,,89.06%,1,"668,005.00","321,185.00","346,820.00","594,914.00","289,200.00","305,714.00","478,473.00","60,982.00","39,463.00"
,ROVIGO,REFERENDUM CONSULTIVO. Conferimento del mandato costituente al Parlamento Europeo,90.83%,1,"205,089.00","98,429.00","106,660.00","186,279.00","90,631.00","95,648.00","146,803.00","18,716.00","16,227.00"
,ROVIGO Total,,90.83%,1,"205,089.00","98,429.00","106,660.00","186,279.00","90,631.00","95,648.00","146,803.00","18,716.00","16,227.00"
,TREVISO,REFERENDUM CONSULTIVO. Conferimento del mandato costituente al Parlamento Europeo,84.76%,1,"604,918.00","291,458.00","313,460.00","512,727.00","249,994.00","262,733.00","415,737.00","52,724.00","29,831.00"
,TREVISO Total,,84.76%,1,"604,918.00","291,458.00","313,460.00","512,727.00","249,994.00","262,733.00","415,737.00","52,724.00","29,831.00"
,VENEZIA,REFERENDUM CONSULTIVO. Conferimento del mandato costituente al Parlamento Europeo,85.48%,1,"688,802.00","331,024.00","357,778.00","588,820.00","288,093.00","300,727.00","469,387.00","70,995.00","29,137.00"
,VENEZIA Total,,85.48%,1,"688,802.00","331,024.00","357,778.00","588,820.00","288,093.00","300,727.00","469,387.00","70,995.00","29,137.00"
,VERONA,REFERENDUM CONSULTIVO. Conferimento del mandato costituente al Parlamento Europeo,88.57%,1,"630,515.00","302,568.00","327,947.00","558,444.00","272,546.00","285,898.00","451,347.00","52,469.00","39,651.00"
,VERONA Total,,88.57%,1,"630,515.00","302,568.00","327,947.00","558,444.00","272,546.00","285,898.00","451,347.00","52,469.00","39,651.00"
,VICENZA,REFERENDUM CONSULTIVO. Conferimento del mandato costituente al Parlamento Europeo,87.07%,1,"605,546.00","292,343.00","313,203.00","527,269.00","256,158.00","271,111.00","433,970.00","47,596.00","31,958.00"
,VICENZA Total,,87.07%,1,"605,546.00","292,343.00","313,203.00","527,269.00","256,158.00","271,111.00","433,970.00","47,596.00","31,958.00"
VENETO Total,,,86.46%,7,"3,592,825.00","1,727,488.00","1,865,337.00","3,106,502.00","1,513,901.00","1,592,601.00","2,509,494.00","316,770.00","193,939.00"
Grand Total,,,80.31%,95,"46,552,411.00","22,418,441.00","24,133,970.00","37,388,250.00","18,369,168.00","19,019,082.00","29,007,091.00","3,944,024.00","2,954,379.00"