,REFERENDUM ,LEGISLATURA,PRESIDENTE DELLA REPUBBLICA,DESCRIZIONE_REP,PRESIDENTE DEL CONSIGLIO,DESCRIZIONE_CONSIGLIO,DURATA DEL GOVERNO,PARTITO DI APPARTENENZA,PROPOSTO/PROMOSSO DA,IMMAGINE_REPUBBLICA,IMMAGINE_MINISTRO
,2-3 giugno 1946, I (1948–1953),Enrico De Nicola,"Enrico De Nicola (Napoli, 9 novembre 1877 – Torre del Greco, 1º ottobre 1959) è stato un politico e avvocato italiano, primo presidente della Repubblica Italiana. Fu eletto capo provvisorio dello Stato dall'Assemblea Costituente il 28 giugno 1946 e ricoprì tale carica dal 1º luglio dello stesso anno al 31 dicembre 1947",Alcide De Gasperi,"Alcide De Gasperi (Pieve Tesino, 3 aprile 1881 – Borgo Valsugana, 19 agosto 1954), è stato un politico italiano, fondatore della Democrazia Cristiana e Presidente del Consiglio in 8 successivi governi di coalizione, da dicembre 1945 ad agosto 1953.",1948–1953,Democrazia Cristiana,,Enrico_DeNicola.png,Alcide_DeGasperi.png
,12-13 maggio 1974,VI (1972–1976),Giovanni Leone,"Giovanni Leone (Napoli, 3 novembre 1908 – Roma, 9 novembre 2001) è stato un politico, avvocato e giurista italiano, 6º Presidente della Repubblica Italiana dal 1971 al 1978. Insegnante di procedura penale dal 1936, entrò in politica nel 1944 aderendo alla Democrazia Cristiana. Eletto all'Assemblea Costituente nel 1946, fu presidente della Camera dei deputati dal 1955 al 1963. Presiedette due brevi governi nel 1963 (Governo Leone I) e nel 1968 (Governo Leone II). Nominato senatore a vita nel 1967 dal presidente Saragat, il 24 dicembre 1971 fu eletto presidente della Repubblica.",Mariano Rumor ,"Mariano Rumor (Vicenza, 16 giugno 1915 – Vicenza, 22 gennaio 1990) è stato un politico italiano, per cinque volte Presidente del Consiglio dei ministri fra il 1968 e il 1974.",1972–1976,Democrazia Cristiana,Democrazia Cristiana,Giovanni_Leone.png,Mariano_Rumor.png
,11-21 giugno 1978,VII (1976–1979),Sandro Pertini,"Alessandro Giuseppe Antonio Pertini, detto Sandro (Stella, 25 settembre 1896 – Roma, 24 febbraio 1990), è stato un politico, giornalista e partigiano italiano. Fu il settimo presidente della Repubblica Italiana dal 1978 al 1985, primo socialista e unico esponente del PSI a ricoprire la carica.",Giulio Andreotti,"Giulio Andreotti (Roma, 14 gennaio 1919 – Roma, 6 maggio 2013) è stato un politico, scrittore e giornalista italiano. È stato uno dei principali esponenti della Democrazia Cristiana, partito protagonista della vita politica italiana per gran parte della seconda metà del XX secolo.",1976–1979,Democrazia Cristiana,Partito Radicale,Sandro_Pertini.png,Giuliano_Andreotti.png
,17 maggio 1981,VIII (1979–1983),Sandro Pertini,"Alessandro Giuseppe Antonio Pertini, detto Sandro (Stella, 25 settembre 1896 – Roma, 24 febbraio 1990), è stato un politico, giornalista e partigiano italiano. Fu il settimo presidente della Repubblica Italiana dal 1978 al 1985, primo socialista e unico esponente del PSI a ricoprire la carica.",Arnaldo Forlani,"Arnaldo Forlani (Pesaro, 8 dicembre 1925 – Roma, 6 luglio 2023) è stato un politico italiano. È stato uno dei massimi esponenti della Democrazia Cristiana nonché uno dei più importanti politici italiani dagli anni settanta fino ai primi anni novanta.",1979–1983,Democrazia Cristiana,Movimento per la Vita e Partito Radicale,Sandro_Pertini.png,Arnaldo_Forlani.png
,9 giugno 1985,IX (1983–1987),Sandro Pertini,"Alessandro Giuseppe Antonio Pertini, detto Sandro (Stella, 25 settembre 1896 – Roma, 24 febbraio 1990), è stato un politico, giornalista e partigiano italiano. Fu il settimo presidente della Repubblica Italiana dal 1978 al 1985, primo socialista e unico esponente del PSI a ricoprire la carica.",Bettino Craxi ,"Benedetto Craxi, detto Bettino (Milano, 24 febbraio 1934 – Hammamet, 19 gennaio 2000), è stato un politico italiano, presidente del Consiglio dei ministri dal 4 agosto 1983 al 18 aprile 1987 e segretario del Partito Socialista Italiano dal 16 luglio 1976 all'11 febbraio 1993.",1983–1987,Partito Socialista Italiano,PCI e Movimento Sociale Italiano,Sandro_Pertini.png,Bettino_Craxi.png
,8 novembre 1987,X (1987–1992),Francesco Cossiga,"Francesco Maurizio Cossiga (Sassari, 26 luglio 1928 – Roma, 17 agosto 2010) è stato un politico e costituzionalista italiano, ottavo presidente della Repubblica Italiana dal 1985 al 1992, quando assunse, di diritto, l'ufficio di senatore a vita.[1]",Giovanni Goria,"Giovanni Goria (Asti, 30 luglio 1943 – Asti, 21 maggio 1994) è stato un politico italiano, esponente della Democrazia Cristiana. Fu Presidente del Consiglio dei Ministri dal 1987 al 1988 e più volte ministro della Repubblica.",1987–1992,Democrazia Cristiana,"Partito Radicale, il Partito Liberale Italiano e il Partito Socialista Italiano",Francesco_Cossiga.png,Giovanni_Goria.png
,18 giugno 1989,X (1987–1992),Francesco Cossiga,"Francesco Maurizio Cossiga (Sassari, 26 luglio 1928 – Roma, 17 agosto 2010) è stato un politico e costituzionalista italiano, ottavo presidente della Repubblica Italiana dal 1985 al 1992, quando assunse, di diritto, l'ufficio di senatore a vita.[1]",Ciriaco De Mita,"Luigi Ciriaco De Mita (Nusco, 2 febbraio 1928 – Avellino, 26 maggio 2022) è stato un politico italiano. Aderente sin dalla giovinezza alla Democrazia Cristiana, fu segretario (1982-1989) e poi presidente (1989-1992) della DC, oltreché Presidente del Consiglio (a capo del governo De Mita, 1988-1989).",1987–1992,Democrazia Cristiana,Parlamento Italiano,Francesco_Cossiga.png,Ciriaco_DeMita.png
,3 giugno 1990,X (1987–1992),Francesco Cossiga,"Francesco Maurizio Cossiga (Sassari, 26 luglio 1928 – Roma, 17 agosto 2010) è stato un politico e costituzionalista italiano, ottavo presidente della Repubblica Italiana dal 1985 al 1992, quando assunse, di diritto, l'ufficio di senatore a vita.[1]",Giulio Andreotti,"Giulio Andreotti (Roma, 14 gennaio 1919 – Roma, 6 maggio 2013) è stato un politico, scrittore e giornalista italiano. È stato uno dei principali esponenti della Democrazia Cristiana, partito protagonista della vita politica italiana per gran parte della seconda metà del XX secolo.",1987–1992,Democrazia Cristiana,"Partito Radicale, Federazione delle Liste Verdi, Partito comunista",Francesco_Cossiga.png,Giuliano_Andreotti.png
,9-10 giugno 1991,X (1987–1992),Francesco Cossiga,"Francesco Maurizio Cossiga (Sassari, 26 luglio 1928 – Roma, 17 agosto 2010) è stato un politico e costituzionalista italiano, ottavo presidente della Repubblica Italiana dal 1985 al 1992, quando assunse, di diritto, l'ufficio di senatore a vita.[1]",Giulio Andreotti,"Giulio Andreotti (Roma, 14 gennaio 1919 – Roma, 6 maggio 2013) è stato un politico, scrittore e giornalista italiano. È stato uno dei principali esponenti della Democrazia Cristiana, partito protagonista della vita politica italiana per gran parte della seconda metà del XX secolo.",1987–1992,Democrazia Cristiana,politico democristiano Mario Segn,Francesco_Cossiga.png,Giuliano_Andreotti.png
,18 aprile 1993,XI (1992–1994),Oscar Luigi Scalfaro,"Oscar Luigi Scàlfaro (Novara, 9 settembre 1918 – Roma, 29 gennaio 2012) è stato un politico e magistrato italiano, 9º presidente della Repubblica Italiana dal 1992 al 1999. Fu eletto deputato ininterrottamente dal 1946 al 1992, quando, durante la sua presidenza della Camera dei deputati, fu eletto presidente della Repubblica Italiana. In precedenza era stato Ministro dell'Interno nei governi Craxi I, Craxi II e Fanfani VI, oltre che ministro dell'Istruzione nel governo Andreotti II.",Giuliano Amato ,"Giuliano Amato (Torino, 13 maggio 1938) è un politico e giurista italiano. Ha ricoperto le cariche di segretario del Consiglio dei ministri (nei governi Craxi I e Craxi II, 1983-1987), vicepresidente del Consiglio (1987-1988) e ministro del tesoro (1987-1989), presidente del Consiglio dal 1992 al 1993 e dal 2000 al 2001.",1992–1994,Partito Socialista Italiano,"Mario Segni, dal Partito Radicale, dal Comitato per la Riforma Democratica (CORID)",Oscar_Luigi_Scalfaro.png,Giuliano_Amato.png
,11 giugno 1995,XII (1994–1996),Oscar Luigi Scalfaro,"Oscar Luigi Scàlfaro (Novara, 9 settembre 1918 – Roma, 29 gennaio 2012) è stato un politico e magistrato italiano, 9º presidente della Repubblica Italiana dal 1992 al 1999. Fu eletto deputato ininterrottamente dal 1946 al 1992, quando, durante la sua presidenza della Camera dei deputati, fu eletto presidente della Repubblica Italiana. In precedenza era stato Ministro dell'Interno nei governi Craxi I, Craxi II e Fanfani VI, oltre che ministro dell'Istruzione nel governo Andreotti II.",Lamberto Dini,"Lamberto Dini (Firenze, 1 marzo 1931) è un politico, economista e banchiere italiano, presidente del Consiglio dei ministri dal 17 gennaio 1995 al 18 maggio 1996 e ministro degli affari esteri dal 18 maggio 1996 al 6 giugno 2001.",1994–1996,Indipendente,"Partito Radicale, Federazione delle Liste Verdi, Partito comunista",Oscar_Luigi_Scalfaro.png,Lamberto_Dini.png
,24 maggio 1997,XIII (1996–2001),Oscar Luigi Scalfaro,"Oscar Luigi Scàlfaro (Novara, 9 settembre 1918 – Roma, 29 gennaio 2012) è stato un politico e magistrato italiano, 9º presidente della Repubblica Italiana dal 1992 al 1999. Fu eletto deputato ininterrottamente dal 1946 al 1992, quando, durante la sua presidenza della Camera dei deputati, fu eletto presidente della Repubblica Italiana. In precedenza era stato Ministro dell'Interno nei governi Craxi I, Craxi II e Fanfani VI, oltre che ministro dell'Istruzione nel governo Andreotti II.",Romano Prodi,"Romano Prodi (Scandiano, 9 agosto 1939[2][3]) è un politico, economista e dirigente d'azienda italiano, Presidente della Commissione europea dal 1999 al 2004, Presidente del Consiglio dei ministri della Repubblica Italiana per due volte (dal 1996 al 1998 e dal 2006 al 2008) e una delle figure centrali della cosiddetta Seconda Repubblica.",1996–2001,Ulivo,Partito Radicale e PArtito Liberale,Oscar_Luigi_Scalfaro.png,Romano_Prodi.png
,18 aprile 1999,XIII (1996–2001),Oscar Luigi Scalfaro,"Oscar Luigi Scàlfaro (Novara, 9 settembre 1918 – Roma, 29 gennaio 2012) è stato un politico e magistrato italiano, 9º presidente della Repubblica Italiana dal 1992 al 1999. Fu eletto deputato ininterrottamente dal 1946 al 1992, quando, durante la sua presidenza della Camera dei deputati, fu eletto presidente della Repubblica Italiana. In precedenza era stato Ministro dell'Interno nei governi Craxi I, Craxi II e Fanfani VI, oltre che ministro dell'Istruzione nel governo Andreotti II.",Massimo D'Alema,"Massimo D'Alema (Roma, 20 aprile 1949) è un politico, giornalista e scrittore italiano, già Presidente del Consiglio dei ministri dal 21 ottobre 1998 al 26 aprile 2000, il primo e unico con un passato nel Partito Comunista Italiano a ricoprire tale carica nonché il primo capo di governo italiano a essere nato dopo la fine della seconda guerra mondiale e dopo l'istituzione della Repubblica italiana.",1996–2001,Democratici di Sinistra,Mario Segni e Antonio Di Pietro.,Oscar_Luigi_Scalfaro.png,Massimo_D'Alema.png
,21 maggio 2000,XIII (1996–2001),Carlo Azeglio Ciampi,"Carlo Azeglio Ciampi (Livorno, 9 dicembre 1920 – Roma, 16 settembre 2016) è stato un politico, economista e banchiere italiano, 10º presidente della Repubblica Italiana dal 18 maggio 1999 al 15 maggio 2006. Primo presidente del Consiglio e primo capo dello Stato non parlamentare nella storia della Repubblica, fu anche il secondo presidente della Repubblica eletto dopo essere stato governatore della Banca d'Italia, preceduto da Luigi Einaudi nel 1948. È stato anche governatore onorario della Banca d'Italia.",Giuliano Amato,"Giuliano Amato (Torino, 13 maggio 1938) è un politico e giurista italiano. Ha ricoperto le cariche di segretario del Consiglio dei ministri (nei governi Craxi I e Craxi II, 1983-1987), vicepresidente del Consiglio (1987-1988) e ministro del tesoro (1987-1989), presidente del Consiglio dal 1992 al 1993 e dal 2000 al 2001.",1996–2001,Ulivo,Partito Radicale,Carlo_Azeglio_Ciampi.png,Giuliano_Amato.png
,7 ottobre 2001,XIV (2001–2006),Carlo Azeglio Ciampi,"Carlo Azeglio Ciampi (Livorno, 9 dicembre 1920 – Roma, 16 settembre 2016) è stato un politico, economista e banchiere italiano, 10º presidente della Repubblica Italiana dal 18 maggio 1999 al 15 maggio 2006. Primo presidente del Consiglio e primo capo dello Stato non parlamentare nella storia della Repubblica, fu anche il secondo presidente della Repubblica eletto dopo essere stato governatore della Banca d'Italia, preceduto da Luigi Einaudi nel 1948. È stato anche governatore onorario della Banca d'Italia.",Silvio Berlusconi,"Silvio Berlusconi (Milano, 29 settembre 1936 – Milano, 12 giugno 2023[4][5]) è stato un imprenditore e politico italiano, fondatore del gruppo Fininvest e di Forza Italia, quattro volte Presidente del Consiglio dei ministri della Repubblica Italiana il che lo rende attualmente il più longevo dell'Italia repubblicana.",2001–2006,Forza Italia,Ulivo,Carlo_Azeglio_Ciampi.png,Silvio_Berlusconi.png
,15-16 giugno 2003,XIV (2001–2006),Carlo Azeglio Ciampi,"Carlo Azeglio Ciampi (Livorno, 9 dicembre 1920 – Roma, 16 settembre 2016) è stato un politico, economista e banchiere italiano, 10º presidente della Repubblica Italiana dal 18 maggio 1999 al 15 maggio 2006. Primo presidente del Consiglio e primo capo dello Stato non parlamentare nella storia della Repubblica, fu anche il secondo presidente della Repubblica eletto dopo essere stato governatore della Banca d'Italia, preceduto da Luigi Einaudi nel 1948. È stato anche governatore onorario della Banca d'Italia.",Silvio Berlusconi,"Silvio Berlusconi (Milano, 29 settembre 1936 – Milano, 12 giugno 2023[4][5]) è stato un imprenditore e politico italiano, fondatore del gruppo Fininvest e di Forza Italia, quattro volte Presidente del Consiglio dei ministri della Repubblica Italiana il che lo rende attualmente il più longevo dell'Italia repubblicana.",2001–2006,Forza Italia,Franco Bertinotti (Unione),Carlo_Azeglio_Ciampi.png,Silvio_Berlusconi.png
,12- 13 giugno 2005,XIV (2001–2006),Carlo Azeglio Ciampi,"Carlo Azeglio Ciampi (Livorno, 9 dicembre 1920 – Roma, 16 settembre 2016) è stato un politico, economista e banchiere italiano, 10º presidente della Repubblica Italiana dal 18 maggio 1999 al 15 maggio 2006. Primo presidente del Consiglio e primo capo dello Stato non parlamentare nella storia della Repubblica, fu anche il secondo presidente della Repubblica eletto dopo essere stato governatore della Banca d'Italia, preceduto da Luigi Einaudi nel 1948. È stato anche governatore onorario della Banca d'Italia.",Silvio Berlusconi,"Silvio Berlusconi (Milano, 29 settembre 1936 – Milano, 12 giugno 2023[4][5]) è stato un imprenditore e politico italiano, fondatore del gruppo Fininvest e di Forza Italia, quattro volte Presidente del Consiglio dei ministri della Repubblica Italiana il che lo rende attualmente il più longevo dell'Italia repubblicana.",2001–2006,Forza Italia,Partito Radicale,Carlo_Azeglio_Ciampi.png,Silvio_Berlusconi.png
,25-26 giugno 2006,XV (2006–2008),Giorgio Napolitano,"Giorgio Napolitano (Napoli, 29 giugno 1925 – Roma, 22 settembre 2023) è stato un politico italiano, 11º presidente della Repubblica dal 15 maggio 2006 al 14 gennaio 2015. Deputato quasi ininterrottamente dal 1953 al 1996, europarlamentare dal 1989 al 1992 e dal 1999 al 2004, fu nominato senatore a vita nel 2005 da Carlo Azeglio Ciampi. Fu presidente della Camera nell'XI legislatura (1992-1994), quando succedette a Oscar Luigi Scalfaro eletto al Quirinale, e ministro dell'interno nel governo Prodi I (1996-1998).",Romano Prodi,"Romano Prodi (Scandiano, 9 agosto 1939[2][3]) è un politico, economista e dirigente d'azienda italiano, Presidente della Commissione europea dal 1999 al 2004, Presidente del Consiglio dei ministri della Repubblica Italiana per due volte (dal 1996 al 1998 e dal 2006 al 2008) e una delle figure centrali della cosiddetta Seconda Repubblica.",2006–2008,Unione,Berlusconi,Giorgio_Napolitano.png,Romano_Prodi.png
,21 giugno 2009,XVI (2008–2013),Giorgio Napolitano,"Giorgio Napolitano (Napoli, 29 giugno 1925 – Roma, 22 settembre 2023) è stato un politico italiano, 11º presidente della Repubblica dal 15 maggio 2006 al 14 gennaio 2015. Deputato quasi ininterrottamente dal 1953 al 1996, europarlamentare dal 1989 al 1992 e dal 1999 al 2004, fu nominato senatore a vita nel 2005 da Carlo Azeglio Ciampi. Fu presidente della Camera nell'XI legislatura (1992-1994), quando succedette a Oscar Luigi Scalfaro eletto al Quirinale, e ministro dell'interno nel governo Prodi I (1996-1998).",Silvio Berlusconi,"Silvio Berlusconi (Milano, 29 settembre 1936 – Milano, 12 giugno 2023[4][5]) è stato un imprenditore e politico italiano, fondatore del gruppo Fininvest e di Forza Italia, quattro volte Presidente del Consiglio dei ministri della Repubblica Italiana il che lo rende attualmente il più longevo dell'Italia repubblicana.",2008–2013,Forza Italia,Partito Radicale e Associazione Luca Coscioni,Giorgio_Napolitano.png,Silvio_Berlusconi.png
,12- 13 giugno 2011,XVI (2008–2013),Giorgio Napolitano,"Giorgio Napolitano (Napoli, 29 giugno 1925 – Roma, 22 settembre 2023) è stato un politico italiano, 11º presidente della Repubblica dal 15 maggio 2006 al 14 gennaio 2015. Deputato quasi ininterrottamente dal 1953 al 1996, europarlamentare dal 1989 al 1992 e dal 1999 al 2004, fu nominato senatore a vita nel 2005 da Carlo Azeglio Ciampi. Fu presidente della Camera nell'XI legislatura (1992-1994), quando succedette a Oscar Luigi Scalfaro eletto al Quirinale, e ministro dell'interno nel governo Prodi I (1996-1998).",Silvio Berlusconi,"Silvio Berlusconi (Milano, 29 settembre 1936 – Milano, 12 giugno 2023[4][5]) è stato un imprenditore e politico italiano, fondatore del gruppo Fininvest e di Forza Italia, quattro volte Presidente del Consiglio dei ministri della Repubblica Italiana il che lo rende attualmente il più longevo dell'Italia repubblicana.",2008–2013,Forza Italia,Forum italiano dei movimenti per l'acqua[,Giorgio_Napolitano.png,Silvio_Berlusconi.png
,17 aprile 2016,XVII (2013–2018),Sergio Mattarella,"Sergio Mattarella (Palermo, 23 luglio 1941) è un politico e giurista italiano, 12º e attuale presidente della Repubblica Italiana dal 3 febbraio 2015. Esponente dell'ala sociale del cristianesimo democratico, dal 1983 al 2008 ha ricoperto la carica di deputato, prima per la Democrazia Cristiana (di cui fu vicesegretario) e poi per il Partito Popolare Italiano, La Margherita e il Partito Democratico. Ha ricoperto la carica di ministro per i rapporti con il Parlamento (1987-1989), di ministro della pubblica istruzione (1989-1990), di vicepresidente del Consiglio (1998-1999), di ministro della difesa (1999-2001) e infine di giudice costituzionale (2011-2015).",Matteo Renzi,"Matteo Renzi (Firenze, 11 gennaio 1975) è un politico italiano. Il 22 febbraio 2014 giurò come Presidente del Consiglio dei ministri, dando vita al governo Renzi. Il suo governo è stato il quinto più longevo nella storia della Repubblica Italiana, rimanendo in carica fino al dicembre 2016, quando rassegnò le dimissioni proprie e dell'esecutivo da lui presieduto a seguito dell'esito negativo del referendum costituzionale del 4 dicembre, per poi dimettersi anche dalla segreteria del PD nel febbraio 2017.",2013–2018,Partito Democratico,"Presidenti delle Regioni (Emilia-Romagna, Veneto, Calabria, Liguria e Marche)",Sergio_Mattarella.png,Matteo_Renzi.png
,4 dicembre 2016,XVII (2013–2018),Sergio Mattarella,"Sergio Mattarella (Palermo, 23 luglio 1941) è un politico e giurista italiano, 12º e attuale presidente della Repubblica Italiana dal 3 febbraio 2015.Esponente dell'ala sociale del cristianesimo democratico, dal 1983 al 2008 ha ricoperto la carica di deputato, prima per la Democrazia Cristiana (di cui fu vicesegretario) e poi per il Partito Popolare Italiano, La Margherita e il Partito Democratico. Ha ricoperto la carica di ministro per i rapporti con il Parlamento (1987-1989), di ministro della pubblica istruzione (1989-1990), di vicepresidente del Consiglio (1998-1999), di ministro della difesa (1999-2001) e infine di giudice costituzionale (2011-2015).",Matteo Renzi,"Matteo Renzi (Firenze, 11 gennaio 1975) è un politico italiano. Il 22 febbraio 2014 giurò come Presidente del Consiglio dei ministri, dando vita al governo Renzi. Il suo governo è stato il quinto più longevo nella storia della Repubblica Italiana, rimanendo in carica fino al dicembre 2016, quando rassegnò le dimissioni proprie e dell'esecutivo da lui presieduto a seguito dell'esito negativo del referendum costituzionale del 4 dicembre, per poi dimettersi anche dalla segreteria del PD nel febbraio 2017.",2013–2018,Partito Democratico,Matteo Renzi e Elena Boschi,Sergio_Mattarella.png,Matteo_Renzi.png
,20-21 settembre 2020,XVIII (2018–2022),Sergio Mattarella,"Sergio Mattarella (Palermo, 23 luglio 1941) è un politico e giurista italiano, 12º e attuale presidente della Repubblica Italiana dal 3 febbraio 2015. Esponente dell'ala sociale del cristianesimo democratico, dal 1983 al 2008 ha ricoperto la carica di deputato, prima per la Democrazia Cristiana (di cui fu vicesegretario) e poi per il Partito Popolare Italiano, La Margherita e il Partito Democratico. Ha ricoperto la carica di ministro per i rapporti con il Parlamento (1987-1989), di ministro della pubblica istruzione (1989-1990), di vicepresidente del Consiglio (1998-1999), di ministro della difesa (1999-2001) e infine di giudice costituzionale (2011-2015).",Giuseppe Conte,"Giuseppe Conte (Volturara Appula, 8 agosto 1964[5]) è un politico e avvocato italiano, presidente del Consiglio dei ministri della Repubblica Italiana dal 1º giugno 2018 al 13 febbraio 2021 e presidente del Movimento 5 Stelle dal 6 agosto 2021.",2018–2022,Movimento 5 Stelle,Forza Italia,Sergio_Mattarella.png,Giuseppe_Conte.png
,12 giugno 2022,XIX (2022–oggi),Sergio Mattarella,"Sergio Mattarella (Palermo, 23 luglio 1941) è un politico e giurista italiano, 12º e attuale presidente della Repubblica Italiana dal 3 febbraio 2015. Esponente dell'ala sociale del cristianesimo democratico, dal 1983 al 2008 ha ricoperto la carica di deputato, prima per la Democrazia Cristiana (di cui fu vicesegretario) e poi per il Partito Popolare Italiano, La Margherita e il Partito Democratico. Ha ricoperto la carica di ministro per i rapporti con il Parlamento (1987-1989), di ministro della pubblica istruzione (1989-1990), di vicepresidente del Consiglio (1998-1999), di ministro della difesa (1999-2001) e infine di giudice costituzionale (2011-2015).",Giorgia Meloni,"Giorgia Meloni (Roma, 15 gennaio 1977) è una politica italiana, presidente del Consiglio dei ministri della Repubblica Italiana dal 22 ottobre 2022. Prima donna a capo del governo nella storia d'Italia,[9][10] ha ricoperto precedentemente gli incarichi di vicepresidente della Camera dei deputati dal 2006 al 2008[11] e di ministro per la gioventù nel quarto governo Berlusconi dal 2008 al 2011.",dal 22 ottobre 2022,Fratelli D'Italia,Lega e Partito radicale,Sergio_Mattarella.png,Giorgia_Meloni.png
,8-9 giugno 2025,XIX (2022–oggi),Sergio Mattarella,"Sergio Mattarella (Palermo, 23 luglio 1941) è un politico e giurista italiano, 12º e attuale presidente della Repubblica Italiana dal 3 febbraio 2015. Esponente dell'ala sociale del cristianesimo democratico, dal 1983 al 2008 ha ricoperto la carica di deputato, prima per la Democrazia Cristiana (di cui fu vicesegretario) e poi per il Partito Popolare Italiano, La Margherita e il Partito Democratico. Ha ricoperto la carica di ministro per i rapporti con il Parlamento (1987-1989), di ministro della pubblica istruzione (1989-1990), di vicepresidente del Consiglio (1998-1999), di ministro della difesa (1999-2001) e infine di giudice costituzionale (2011-2015).",Giorgia Meloni,"Giorgia Meloni (Roma, 15 gennaio 1977) è una politica italiana, presidente del Consiglio dei ministri della Repubblica Italiana dal 22 ottobre 2022. Prima donna a capo del governo nella storia d'Italia,[9][10] ha ricoperto precedentemente gli incarichi di vicepresidente della Camera dei deputati dal 2006 al 2008[11] e di ministro per la gioventù nel quarto governo Berlusconi dal 2008 al 2011.",dal 22 ottobre 2022,Fratelli D'Italia,"Sindacati FLAI-CGIL, CGIL",Sergio_Mattarella.png,Giorgia_Meloni.png